userid,name,rating,watched
Wheeler,No Country For Old Men,R,1
Wheeler,Mulholland Drive,R,2
Wheeler,The Three of Life,PG-13,1
Wheeler,Paris Texas,R,1
Wheeler,Better Call Saul,TV-MA,1
Wheeler,Breaking Bad,TV-MA,1
Wheeler,Taxi Driver,R,1
Wheeler,The Godfather,R,1
Wheeler,The Big Short,R,1
Wheeler,Rocky IV,PG-13,1
Wheeler,The Dark Knight,PG-13,1
Wheeler,Fargo,R,1
Wheeler,True Grit,R,1
Wheeler,Pulp Fiction,R,1
Wheeler,The Big Lebowski,R,2
Wheeler,Skyfall,PG,2
Wheeler,The Interview,R,1
Wheeler,Goldfinger,PG,1
Wheeler,Magnolia,R,1
Wheeler,Raging Bull,R,1
Lily,The Hangover,R,1
Lily,The Hangover Pt II,R,1
Lily,Anyone But You,R,1
Lily,Titanic,PG-13,2
